id,age,income
1.0,25.0,50000.0
2.0,27.666666666666668,45000.0
3.0,30.0,48333.333333333336
4.0,28.0,52000.0
5.0,27.666666666666668,48000.0
